"DESCRIPTION","DURATION IN MS","NAME","PARENT SUITE","START TIME","STATUS","STOP TIME","SUB SUITE","SUITE","TEST CLASS","TEST METHOD"
"``` curl
curl ""{{url_api}}/transactions"" \
  -H 'Authorization: Token obtido em Authorizers' \
  -H 'Content-Type: application/json' \
  -H 'Idempotency-Key: Chave de idempotência' \
  -X POST \
  -d '{
   ""amount"": ""Valor"",
   ""description"": ""Descrição da Transação"",
   ""flow"": ""Subtipo da transação"",
   ""kind"": ""Tipo da transação"",
   ""payee"": {
      ""id"": ""Identificador da conta recebedora da transação"",
      ""latitude"": ""latitude"",
      ""longitude"": ""longitude"",
      ""paymentMethod"": {
        ""kind"": ""Tipo do método de pagamento do recebedor da transação"",
        ""paymentAccountId"": ""Identificador do método de pagamento do recebedor da transação""
      },
      ""device"": {
         ""id"": ""Identificador do Dispositivo"",
         ""name"": ""Nome do Dispositivo"",
         ""manufacturer"": ""Empresa desenvolvedora do dispositivo"",
         ""version"": ""número da versão"",
         ""fingerprint"": ""Identificador único do dispositivo"",
         ""carrier"": ""Operadora"",
         ""country"": ""País"",
         ""locale"": ""Padrão de idioma"",
         ""ip"": ""Identificador de Rede""
      }
   },
   ""payer"": {
        ""id"": ""Identificador da conta pagadora da transação"",
        ""latitude"": ""latitude"",
        ""longitude"": ""longitude"",
        ""paymentMethod"": {
        ""kind"": ""Tipo do método de pagamento do pagador da transação"",
        ""paymentAccountId"": ""Identificador do método de pagamento do pagador da transação""
      },
      ""device"": {
         ""id"": ""Identificador do Dispositivo"",
         ""name"": ""Nome do Dispositivo"",
         ""manufacturer"": ""Empresa desenvolvedora do dispositivo"",
         ""version"": ""número da versão"",
         ""fingerprint"": ""Identificador único do dispositivo"",
         ""carrier"": ""Operadora"",
         ""country"": ""País"",
         ""locale"": ""Padrão de idioma"",
         ""ip"": ""Identificador de Rede""
      }
    }
}' 
```","2575","PIX Cash-out UUID PIXDICT","Pix Pipeline","Wed Dec 11 08:44:54 UTC 2024","passed","Wed Dec 11 08:44:57 UTC 2024","","Transaction - PIX","",""
"","6058","PIX Donation","Pix Pipeline","Wed Dec 11 08:44:38 UTC 2024","passed","Wed Dec 11 08:44:44 UTC 2024","","Transaction - PIX","",""
"Valores para descrição
// AM05 || FR01 || AM09 || BE08

``` curl
curl ""{{url_api}}/transactions"" \
  -H 'Authorization: Token obtido em Authorizers' \
  -H 'Content-Type: application/json' \
  -H 'Idempotency-Key: Chave de idempotência' \
  -X POST \
  -d '{
   ""amount"": ""Valor"",
   ""description"": ""Descrição da Transação"",
   ""flow"": ""Subtipo da transação"",
   ""kind"": ""Tipo da transação"",
   ""payee"": {
      ""id"": ""Identificador da conta recebedora da transação"",
      ""latitude"": ""latitude"",
      ""longitude"": ""longitude"",
      ""paymentMethod"": {
        ""kind"": ""Tipo do método de pagamento do recebedor da transação"",
        ""paymentAccountId"": ""Identificador do método de pagamento do recebedor da transação""
      },
      ""device"": {
         ""id"": ""Identificador do Dispositivo"",
         ""name"": ""Nome do Dispositivo"",
         ""manufacturer"": ""Empresa desenvolvedora do dispositivo"",
         ""version"": ""número da versão"",
         ""fingerprint"": ""Identificador único do dispositivo"",
         ""carrier"": ""Operadora"",
         ""country"": ""País"",
         ""locale"": ""Padrão de idioma"",
         ""ip"": ""Identificador de Rede""
      }
   },
   ""payer"": {
        ""id"": ""Identificador da conta pagadora da transação"",
        ""latitude"": ""latitude"",
        ""longitude"": ""longitude"",
        ""paymentMethod"": {
        ""kind"": ""Tipo do método de pagamento do pagador da transação"",
        ""paymentAccountId"": ""Identificador do método de pagamento do pagador da transação""
      },
      ""device"": {
         ""id"": ""Identificador do Dispositivo"",
         ""name"": ""Nome do Dispositivo"",
         ""manufacturer"": ""Empresa desenvolvedora do dispositivo"",
         ""version"": ""número da versão"",
         ""fingerprint"": ""Identificador único do dispositivo"",
         ""carrier"": ""Operadora"",
         ""country"": ""País"",
         ""locale"": ""Padrão de idioma"",
         ""ip"": ""Identificador de Rede""
      }
    }
}' 

```","285","PIX Refund Cash-out Copy","Pix Pipeline","Wed Dec 11 08:44:57 UTC 2024","passed","Wed Dec 11 08:44:57 UTC 2024","","Transaction - PIX","",""
"``` curl
curl ""{{url_api}}/transactions"" \
  -H 'Authorization: Token obtido em Authorizers' \
  -H 'Content-Type: application/json' \
  -H 'Idempotency-Key: Chave de idempotência' \
  -X POST \
  -d '{
   ""amount"": ""Valor"",
   ""description"": ""Descrição da Transação"",
   ""flow"": ""Subtipo da transação"",
   ""kind"": ""Tipo da transação"",
   ""payee"": {
      ""id"": ""Identificador da conta recebedora da transação"",
      ""latitude"": ""latitude"",
      ""longitude"": ""longitude"",
      ""paymentMethod"": {
        ""kind"": ""Tipo do método de pagamento do recebedor da transação"",
        ""paymentAccountId"": ""Identificador do método de pagamento do recebedor da transação""
      },
      ""device"": {
         ""id"": ""Identificador do Dispositivo"",
         ""name"": ""Nome do Dispositivo"",
         ""manufacturer"": ""Empresa desenvolvedora do dispositivo"",
         ""version"": ""número da versão"",
         ""fingerprint"": ""Identificador único do dispositivo"",
         ""carrier"": ""Operadora"",
         ""country"": ""País"",
         ""locale"": ""Padrão de idioma"",
         ""ip"": ""Identificador de Rede""
      }
   },
   ""payer"": {
        ""id"": ""Identificador da conta pagadora da transação"",
        ""latitude"": ""latitude"",
        ""longitude"": ""longitude"",
        ""paymentMethod"": {
        ""kind"": ""Tipo do método de pagamento do pagador da transação"",
        ""paymentAccountId"": ""Identificador do método de pagamento do pagador da transação""
      },
      ""device"": {
         ""id"": ""Identificador do Dispositivo"",
         ""name"": ""Nome do Dispositivo"",
         ""manufacturer"": ""Empresa desenvolvedora do dispositivo"",
         ""version"": ""número da versão"",
         ""fingerprint"": ""Identificador único do dispositivo"",
         ""carrier"": ""Operadora"",
         ""country"": ""País"",
         ""locale"": ""Padrão de idioma"",
         ""ip"": ""Identificador de Rede""
      }
    }
}' 
```","10093","PIX Cash-out Normal","Pix Pipeline","Wed Dec 11 08:44:44 UTC 2024","passed","Wed Dec 11 08:44:54 UTC 2024","","Transaction - PIX","",""
"","1215","AUTHORIZATION_Gerar_JWT_Token","Pix Pipeline","Wed Dec 11 08:44:37 UTC 2024","passed","Wed Dec 11 08:44:38 UTC 2024","","Autorizaçao","",""
"","4025","Get Key","Pix Pipeline","Wed Dec 11 08:44:57 UTC 2024","passed","Wed Dec 11 08:45:01 UTC 2024","","Transaction - PIX","",""
